Carlson Gracie,carlson-gracie-100.jpg,
Rickson Gracie,rickson-gracie-100.jpg,
Paragon,paragon-100.jpg,
Marcelo Alonso,marcelo-alonso-100.jpg,
Gracie Barra,gracie-barra-100.jpg,
Alliance,alliance-100.jpg,
AOJJ,aojj-100.jpg,
ATOS,atos-100.jpg,
Nova Uniao,nova-uniao-100.jpg,
Robson Moura,robson-moura-100.jpg,
Checkmat,checkmat-100.jpg,
De La Riva,de-la-riva-100.jpg,
Pedro Sauer,pedro-sauer-100.jpg,
Gracie Humaita,gracie-humaita-100.jpg,
Marcelo Garcia,marcelo-garcia-100.jpg,
